1000,MANILA CPO-ERMITA,1000
1001,QUIAPO,1000
1002,INTRAMUROS,1000
1003,STA. CRUZ - SOUTH,1000
1004,MALATE,1000
1005,"SAN MIGUEL - MANILA CITY,MM",1000
1006,BINONDO,1000
1007,PACO,1000
1008,SAMPALOC - EAST,1000
1009,"STA. ANA - MANILA CITY,MM",1000
1010,"SAN NICOLAS - MANILA CITY,MM",1000
1011,PANDACAN,1000
1012,TONDO - SOUTH,1000
1013,TONDO - NORTH,1000
1014,STA. CRUZ - NORTH,1000
1015,SAMPALOC - WEST,1000
1016,STA. MESA,1000
1017,SAN ANDRES BUKID,1000
1018,PORT AREA - SOUTH,1000
1100,CENTRAL,1100
1101,BOTOCAN/UP PO & VILLE,1100
1102,AMIHAN,1100
1103,PALIGSAHAN,1100
1104,PARAISO,1100
1105,ALICIA/PROJ. 7 - Q.C.,1100
1106,APOLONIO SAMSON/PROJ. 8,1100
1107,PASONG TAMO - QUEZON CITY,1100
1108,PANSOL/LOYOLA HEIGHTS,1100
1109,SAN ROQUE/CUBAO - Q.C.,1100
1110,BAGONG BAYAN/LIBIS,1100
1111,BAGONG LIPUNAN,1100
1112,VALENCIA - Q.C.,1100
1113,SAN ISIDRO - Q.C.,1100
1114,PAANG BUNDOK/LA LOMA,1100
1115,BALINGASA,1100
1116,BAGBAG/SAUYO,1100
1117,CAPRI,1100
1118,PASONG PUTIK,1100
1119,BAGONG SILANGAN,1100
1120,BF HOMES,1100
1121,COMMONWEALTH,1100
1122,FAIRVIEW SOUTH,1100
1123,NOVALICHES PROPER,1100
1124,KALIGAYAHAN,1100
1125,NAGKAISANG NAYON,1100
1126,BATASAN HILLS,1100
1127,HOLY SPIRIT,1100
1128,VASRA,1100
1200,MAKATI CPO (INC. BUENDIA-EDSA),1200
1201,FORT BONIFACIO - CAMP,1200
1202,FORT BONIFACIO - NAVAL STN.,1200
1203,SAN ANTONIO VILLAGE,1200
1204,LA PAZ- SINGKAMAS-TEJEROS,1200
1205,"STA. CRUZ - MAKATI,MM",1200
1206,KASILAWAN,1200
1207,OLYMPIA AND CARMONA,1200
1208,VALENZUELA - MAKATI,1200
1209,BEL-AIR,1200
1210,"POBLACION - MAKATI,MM",1200
1211,GUADALUPE VIEJO/PALM VILLE,1200
1212,GUADALUPE NUEVO/VISAYAN VILLE,1200
1213,PINAGKAISAHAN-PITOGO,1200
1214,CEMBO,1200
1215,REMBO WEST,1200
1216,REMBO EAST & MALAPAD NA BATO,1200
1217,COMEMBO,1200
1218,PEMBO,1200
1219,FORBES PARK - NORTH,1200
1220,FORBES PARK - SOUTH,1200
1221,DASMARI･AS VILLAGE - NORTH,1200
1222,DASMARI･AS VILLAGE - SOUTH,1200
1223,SAN LORENZO VILLAGE,1200
1224,MAKATI COMMERCIAL CENTER,1200
1225,URDANETA VILLAGE,1200
1226,AYALA-PASEO DE ROXAS,1200
1227,SALCEDO VILLAGE,1200
1228,GREENBELT,1200
1229,LEGASPI VILLAGE,1200
1230,PIO DEL PILAR,1200
1231,"PASONG TAMO - MAKATI,MM",1200
1232,MAGALLANES VILLAGE,1200
1233,BANGKAL,1200
1234,SAN ISIDRO - MAKATI,1200
1235,"PALANAN - MAKATI, MM",1200
1300,PASAY CITY CPO-MALIBAY,1300
1301,DOMESTIC AIRPORT,1300
1302,SAN RAFAEL - PASAY CITY,1300
1303,"SAN ROQUE - PASAY CITY,MM",1300
1304,STA. CLARA - PASAY CITY,1300
1305,SAN JOSE - PASAY CITY,1300
1306,SAN ISIDRO - PASAY CITY,1300
1307,PICC (RECLAMATION AREA),1300
1308,MANILA BAY (RECLAMATION),1300
1309,VILLAMOR AIRBASE,1300
1400,CALOOCAN CITY CPO,1400
1401,BAESA,1400
1402,STA. QUITERIA,1400
1403,GRACE PARK - EAST,1400
1404,SAN JOSE - CALOOCAN CITY,1400
1405,1ST-7TH AVE. - WEST,1400
1406,GRACE PARK - WEST,1400
1407,UNIVERSITY HILLS,1400
1408,SANGANDAAN,1400
1409,KAUNLARAN VILLAGE,1400
1410,MAYPAJO,1400
1411,FISHMARKET,1400
1412,ISLA DE COCOMO,1400
1413,KAPITBAHAYAN - EAST,1400
1420,KAYBIGA / DEPARO,1400
1421,BAGUMBONG / PAG-ASA,1400
1422,NOVALICHES NORTH,1400
1423,LILLES VILLE SUBD.,1400
1424,CAPITOL PARKLAND SUBD.,1400
1425,AMPARO SUBDIVISION,1400
1426,BANKERS VILLAGE,1400
1427,TALA LEPROSARIUM/VICTORY HYTES,1400
1428,BAGONG SILANG,1400
1440,MALINTA,1410
1441,KARUHATAN,1410
1442,FORTUNE VIL.-PASO DE BLAS-GEN,1410
1443,DALANDAN-WEST CANUNAY,1410
1444,MALANDAY - VALENZUELA,1410
1445,BALANGKAS-CALOONG,1410
1446,LINGUNAN,1410
1447,EAST CANUNAY-LAWANG BATO,1410
1448,MAPULANG LUPA,1410
1469,VALENZUELA - CPO VALENZUELA,1410
1470,MALABON,1450
1471,FLORES,1450
1472,LONGOS,1450
1473,TONSUYA,1450
1474,ACACIA,1450
1475,POTRERO,1450
1476,ARANETA SUBD.,1450
1477,MAYSILO,1450
1478,"SANTOLAN - MALABON,MM",1450
1479,MUZON,1450
1480,DAMPALIT,1450
1485,NAVOTAS,1485
1489,TANGOS,1485
1490,"TANZA - NAVOTAS, MM",1485
1500,SAN JUAN CPO - MM,1550
1502,GREENHILLS PO,1550
1503,GREENHILLS NORTH,1550
1504,EISENHOWER-CRAME,1550
1550,MANDALUYONG CPO,1500
1551,VERGARA,1500
1552,SHAW BOULEVARD,1500
1553,PHIL. NAT'L MENTAL HOSPITAL,1500
1554,EAST EDSA,1500
1555,WACK WACK GOLF,1500
1556,GREENHILLS SOUTH,1500
1600,PASIG CPO,1600
1601,"SAN JOAQUIN - PASIG,MM",1600
1602,PINAGBUHATAN,1600
1603,KAPITOLYO,1600
1604,UGONG,1600
1605,ORTIGAS,1600
1606,CANIOGAN,1600
1607,MAYBUNGA,1600
1608,STA. LUCIA - PASIG,1600
1609,"ROSARIO - PASIG,MM",1600
1610,SANTOLAN - PASIG,1600
1611,MANGGAHAN,1600
1612,GREEN PARK,1600
1620,AGUHO,1620
1621,STA. ANA - PATEROS,1620
1630,BICUTAN WESTERN,1630
1631,BICUTAN,1630
1632,BICUTAN LOWER,1630
1633,BICUTAN UPPER,1630
1634,NICHOLS - MCKINLEY,1630
1636,BAY BREEZE EXEC. VILLAGE,1630
1637,TUKTUKAN,1630
1638,LIGID,1630
1639,BRGY. USUSAN,1630
1700,PARANAQUE CPO,1700
1701,TAMBO,1700
1702,BACLARAN,1700
1703,MARINA SUBD. (RECLAMATION),1700
1704,"STO. NINO - PARANAQUE,MM",1700
1705,NINOY AQUINO INT'L AIRPORT,1700
1706,PULO,1700
1707,SAN ANTONIO VALLEY 11 & 12,1700
1708,MULTINATIONAL VILLAGE,1700
1709,MERVILLE PARK,1700
1710,EXECUTIVE HEIGHTS SUBD,1700
1711,BETTER LIVING SUBD,1700
1712,MARIMAR SUBD,1700
1713,UNITED PARANAQUE SUBD,1700
1714,AEROPARK SUBD,1700
1715,SAN ANTONIO VALLEY 1,1700
1716,MAYWOOD VILLAGE II,1700
1717,MANILA MEMORIAL PARK,1700
1718,BF HOMES 2,1700
1719,IRENEVILLE SUBD I & III,1700
1720,BF HOMES 1,1700
1740,LAS PI･AS CPO,1740
1741,REMARVILLE SUBD.,1740
1742,ZAPOTE / PULANG LUPA,1740
1743,CUT-CUT,1740
1744,MANUYO,1740
1745,GATCHALIAN SUBD.,1740
1746,VERDANT ACRES SUBD.,1740
1747,"TALON, MOONWALK",1740
1748,MANILA DOCTORS VILLAGE,1740
1749,ANGELA VILLAGE,1740
1750,ALMANZA,1740
1751,T.S. CRUZ SUBD.,1740
1752,SOLDIERS HILLS SUBD.,1740
1770,MUNTINLUPA CPO,1770
1771,BULE/CUPANG,1770
1772,BAYANAN/PUTATAN,1770
1773,TUNASAN,1770
1774,SUSANA HEIGHTS,1770
1775,PEARL HEIGHTS,1770
1776,"POBLACION - MUNTINLUPA,MM",1770
1777,PLEASANT VILLAGE,1770
1780,ALABANG,1770
1781,FILINVEST CORP. CITY,1770
1799,AYALA ALABANG P.O. BOXES,1770
1800,MARIKINA CPO,1800
1801,SAN ROQUE-CALUMPANG,1800
1802,INDUSTRIAL VALLEY,1800
1803,BARANGKA/ TA･ONG,1800
1804,J. DE LA PE･A,1800
1805,MALANDAY - MARIKINA,1800
1806,NORTH/WEST OF MARIKINA RIVER,1800
1807,CONCEPCION 1,1800
1808,NANGKA,1800
1809,"PARANG - MARIKINA,MM",1800
1810,MARIKINA HEIGHTS,1800
1811,CONCEPCION 2,1800
1820,BAGONG NAYON/COGEO/CUPANG,1800
1850,SAN MATEO - RIZAL PROVINCE,1900
1860,MONTALBAN,1900
1870,ANTIPOLO,1900
1880,TERESA,1900
1900,CAINTA,1900
1910,PILILIA,1900
1920,TAYTAY - RIZAL PROVINCE,1900
1930,ANGONO,1900
1940,BINANGONAN,1900
1950,CARDONA,1900
1960,MORONG - RIZAL PROVINCE,1900
1970,BARAS - RIZAL PROVINCE,1900
1980,TANAY,1900
1990,JALA-JALA,1900
2000,SAN FERNANDO - PAMPANGA,2000
2001,BACOLOR,2000
2002,STA. RITA - PAMPANGA,2000
2003,GUAGUA,2000
2004,SEXMOAN,2000
2005,LUBAO,2000
2006,FLORIDABLANCA,2000
2007,BASA AIRBASE,2000
2008,PORAC,2000
2009,ANGELES CITY,2000
2010,MABALACAT,2000
2011,MAGALANG,2000
2012,ARAYAT,2000
2013,CANDABA,2000
2014,SAN LUIS - PAMPANGA,2000
2015,SAN SIMON,2000
2016,APALIT,2000
2017,MASANTOL,2000
2018,MACABEBE,2000
2019,MINALIN,2000
2020,STO. TOMAS - PAMPANGA,2000
2021,MEXICO,2000
2022,STA. ANA - PAMPANGA,2000
2100,BALANGA,2100
2101,PILAR - BATAAN,2100
2102,ORION,2100
2103,LIMAY,2100
2104,LAMAO,2100
2105,MARIVELES,2100
2106,BATAAN EXPORT,2100
2107,BAGAC,2100
2108,MORONG - BATAAN,2100
2109,REFUGEE PROCESSING CENTER,2100
2110,DINALUPIHAN,2100
2111,HERMOSA,2100
2112,ORANI,2100
2113,SAMAL - BATAAN,2100
2114,ABUCAY,2100
2200,OLONGAPO CITY,2200
2201,IBA,2200
2202,BOTOLAN - ZAMBALES,2200
2203,CABANGAN,2200
2204,SAN FELIPE,2200
2205,SAN NARCISO - ZAMBALES,2200
2206,SAN ANTONIO - ZAMBALES,2200
2207,SAN MARCELINO,2200
2208,CASTILLEJOS,2200
2209,SUBIC,2200
2210,PALAUIG,2200
2211,MASINLOC,2200
2212,CANDELARIA - ZAMBALES,2200
2213,STA. CRUZ - ZAMBALES,2200
2222,SUBIC BAY METROPOLITAN,2200
2300,TARLAC,2300
2301,SAN MIGUEL - TARLAC,2300
2302,GERONA,2300
2303,STA. IGNACIA,2300
2304,MAYANTOC,2300
2305,SAN CLEMENTE,2300
2306,CAMILING,2300
2307,PANIQUI,2300
2308,MONCADA,2300
2309,SAN MANUEL - TARLAC,2300
2310,ANAO,2300
2311,RAMOS,2300
2312,PURA,2300
2313,VICTORIA - TARLAC,2300
2314,LA PAZ - TARLAC,2300
2315,CAPAS,2300
2316,CONCEPCION - TARLAC,2300
2317,BAMBAN,2300
2318,SAN JOSE - TARLAC,2300
2400,DAGUPAN CITY,2400
2401,LINGAYEN,2400
2402,LABRADOR,2400
2403,SUAL,2400
2404,ALAMINOS - PANGASINAN,2400
2405,ANDA - PANGASINAN,2400
2406,BOLINAO,2400
2407,BANI,2400
2408,AGNO,2400
2409,MABINI - PANGASINAN,2400
2410,BURGOS - PANGASINAN,2400
2411,DASOL,2400
2412,INFANTA - PANGASINAN,2400
2413,MANGATAREM,2400
2414,URBIZTONDO,2400
2415,AGUILAR,2400
2416,BUGALLON,2400
2417,BINMALEY,2400
2418,CALASIAO,2400
2419,STA. BARBARA - PANGASINAN,2400
2420,SAN CARLOS CITY - PANGASINAN,2400
2421,MALASIQUI,2400
2422,BASISTA,2400
2423,BAYAMBANG,2400
2424,BAUTISTA,2400
2425,ALCALA - PANGASINAN,2400
2426,STO. TOMAS - PANGASINAN,2400
2427,VILLASIS,2400
2428,URDANETA,2400
2429,MAPANDAN,2400
2430,MANAOAG,2400
2431,SAN JACINTO - PANGASINAN,2400
2432,MANGALDAN,2400
2433,SAN FABIAN,2400
2434,SISON - PANGASINAN,2400
2435,POZORRUBIO,2400
2436,BINALONAN,2400
2437,LAOAC,2400
2438,SAN MANUEL - PANGASINAN,2400
2439,ASINGAN,2400
2440,STA. MARIA - PANGASINAN,2400
2441,ROSALES,2400
2442,BALUNGAO,2400
2443,UMINGAN,2400
2444,SAN QUINTIN - PANGASINAN,2400
2445,TAYUG,2400
2446,NATIVIDAD,2400
2447,SAN NICOLAS - PANGASINAN,2400
2500,SAN FERNANDO - LA UNION,2500
2501,BAUANG,2500
2502,CABA,2500
2503,ARINGAY,2500
2504,AGOO,2500
2505,STO. TOMAS - LA UNION,2500
2506,ROSARIO - LA UNION,2500
2507,DAMORTIS,2500
2508,PUGO,2500
2509,TUBAO,2500
2510,BURGOS - LA UNION,2500
2511,NAGUILIAN - LA UNION,2500
2512,BAGUILIN,2500
2513,SAN GABRIEL,2500
2514,SAN JUAN - LA UNION,2500
2515,BACNOTAN,2500
2516,SANTOL,2500
2517,BALAOAN,2500
2518,LUNA - LA UNION,2500
2519,BANGAR,2500
2520,SUDIPEN,2500
2600,BAGUIO CITY,2600
2601,LA TRINIDAD,2600
2602,PHIL. MILITARY ACADEMY,2600
2603,TUBA,2600
2604,ITOGON,2600
2605,BOKOD,2600
2606,KABAYAN,2600
2607,BUGIAS,2600
2608,MANKAYAN,2600
2609,LEPANTO,2600
2610,BAKUN,2600
2611,KIBUNGAN,2600
2612,ATOK,2600
2613,KAPANGAN,2600
2614,SABLAN,2600
2615,TUBLAY,2600
2616,BONTOC - MOUNTAIN PROVINCE,2615
2617,SADANGA,2615
2618,BESAO,2615
2619,SAGADA,2615
2620,TADIAN,2615
2621,BAUKO,2615
2622,SABANGAN,2615
2623,BARLIG,2615
2624,NATONIN,2615
2625,PARACELIS,2615
2700,VIGAN,2700
2701,STA. CATALINA - ILOCOS SUR,2700
2702,CAOAYAN,2700
2703,STA. - ILOCOS SUR,2700
2704,NARVACAN,2700
2705,STA. MARIA - ILOCOS SUR,2700
2706,SAN ESTEBAN,2700
2707,SANTIAGO - ILOCOS SUR,2700
2708,BANAYOYO,2700
2709,GALIMUYOD,2700
2710,CANDON,2700
2711,SALCEDO - ILOCOS SUR,2700
2712,STA. LUCIA - ILOCOS SUR,2700
2713,STA. CRUZ - ILOCOS SUR,2700
2714,TAGUDIN,2700
2715,SUYO,2700
2716,ALILEM - ILOCOS SUR,2700
2717,SUGPON,2700
2718,CERVANTES,2700
2719,SICAY,2700
2720,GREGORIO DEL PILAR,2700
2721,QUIRINO - ILOCOS SUR,2700
2722,SAN EMILIO,2700
2723,LIDLIDA,2700
2724,BURGOS - ILOCOS SUR,2700
2725,NAGBUKEL,2700
2726,SAN VICENTE - ILOCOS SUR,2700
2727,BANTAY,2700
2728,SAN ILDEFONSO - ILOCOS SUR,2700
2729,STO. DOMINGO - ILOCOS SUR,2700
2730,MAGSINGAL,2700
2731,SAN JUAN - ILOCOS SUR,2700
2732,CABUGAO,2700
2733,SINAIT,2700
2800,BANGUED,2800
2801,DOLORES - ABRA,2800
2802,LANGAGILANG,2800
2803,TAYUM,2800
2804,PENARUBIA,2800
2805,BUCAY,2800
2806,PIDIGAN,2800
2807,LANGIDEN,2800
2808,SAN QUINTIN - ABRA,2800
2809,SAN ISIDRO - ABRA,2800
2810,MANABO,2800
2811,VILLAVICIOSA,2800
2812,PILAR - ABRA,2800
2813,LUBA,2800
2814,TUBO,2800
2815,BOLINEY,2800
2816,DAGUIOMAN,2800
2817,BUCLOC,2800
2818,SAL-LAPADAN,2800
2819,LICUAN (BAAY),2800
2820,MALIBCONG,2800
2821,LACUB,2800
2822,TINEG,2800
2823,SAN JUAN - ABRA,2800
2824,LAGAYAN,2800
2825,DANGLAS,2800
2826,LA PAZ - ABRA,2800
2900,LAOAG CITY,2900
2901,SAN NICOLAS - ILOCOS NORTE,2900
2902,PAOAY,2900
2903,CURRIMAO,2900
2904,BADOC,2900
2905,PINILI,2900
2906,BATAC,2900
2907,MARCOS,2900
2908,ESPIRITU,2900
2909,NUEVA ERA,2900
2910,SOLSONA,2900
2911,CARASI,2900
2912,PIDDIG,2900
2913,DINGRAS,2900
2914,SARRAT,2900
2915,VINTAR,2900
2916,BACARRA,2900
2917,PASUQUIN,2900
2918,BURGOS - ILOCOS NORTE,2900
2919,PAGUDPUD,2900
2920,BANGUI,2900
2921,DUMALNEG,2900
2922,ADAMS,2900
3000,MALOLOS,3000
3001,PAOMBONG,3000
3002,HAGONOY - BULACAN,3000
3003,CALUMPIT,3000
3004,PLARIDEL - BULACAN,3000
3005,PULILAN,3000
3006,BALIUAG,3000
3007,BUSTOS,3000
3008,SAN RAFAEL - BULACAN,3000
3009,DONA REMEDIOS TRINIDAD,3000
3010,SAN ILDEFONSO - BULACAN,3000
3011,SAN MIGUEL - BULACAN,3000
3012,ANGAT,3000
3013,NORZAGARAY,3000
3014,PANDI,3000
3015,GUIGUINTO,3000
3016,BALAGTAS,3000
3017,BULACAN,3000
3018,BOCAUE,3000
3019,MARILLAO,3000
3020,MEYCAUAYAN,3000
3021,OBANDO,3000
3022,STA. MARIA - BULACAN,3000
3023,SAN JOSE DEL MONTE,3000
3024,SAPANG PALAY,3000
3100,CABANATUAN CITY,3100
3101,STA. ROSA - NUEVA ECIJA,3100
3102,SAN LEONARDO,3100
3103,PE･ARANDA,3100
3104,GEN. TINIO,3100
3105,GAPAN,3100
3106,SAN ISIDRO - NUEVA ECIJA,3100
3107,CABIAO,3100
3108,SAN ANTONIO - NUEVA ECIJA,3100
3109,JAEN,3100
3110,ZARAGOSA,3100
3111,ALIAGA,3100
3112,LICAB,3100
3113,QUEZON - NUEVA ECIJA,3100
3114,TALAVERA,3100
3115,GUIMBA,3100
3116,NAMPICUAN,3100
3117,CUYAPO,3100
3118,TALUGTOG,3100
3119,MU･OZ,3100
3120,CENTRAL LUZON STATE UNIVERSITY,3100
3121,SAN JOSE CITY,3100
3122,LUPAO,3100
3123,CARRANGLAN,3100
3124,PANTABANGAN,3100
3125,GEN. M. NATIVIDAD,3100
3126,LLANERA,3100
3127,RIZAL - NUEVA ECIJA,3100
3128,BONGABON - NUEVA ECIJA,3100
3129,LAUR,3100
3130,FORT MAGSAYSAY,3100
3131,GABALDON,3100
3132,PALAYAN CITY,3100
3133,STO. DOMINGO - NUEVA ECIJA,3100
3200,BALER,3200
3201,SAN LUIS - AURORA PROVINCE,3200
3202,MARIA AURORA,3200
3203,DIPACULAO,3200
3204,CASIGURAN - AURORA PROVINCE,3200
3205,DILASAG,3200
3206,DINALUNGAN,3200
3207,DINGALAN,3200
3300,ILAGAN,3300
3301,GAMU,3300
3302,NAGUILIAN - ISABELA,3300
3303,REINA MERCEDES,3300
3304,LUNA - ISABELA,3300
3305,CAUAYAN,3300
3306,ALICIA - ISABELA,3300
3307,ANGADANAN,3300
3308,SAN GUILLERMO,3300
3309,ECHAGUE,3300
3310,SAN ISIDRO - ISABELA,3300
3311,SANTIAGO - ISABELA,3300
3312,CORDON,3300
3313,JONES,3300
3314,SAN AGUSTIN - ISABELA,3300
3315,CABATUAN - ISABELA,3300
3316,AURORA - ISABELA,3300
3317,SAN MIGUEL(CALLANG),3300
3318,SAN MATEO - ISABELA,3300
3319,RAMON,3300
3320,ROXAS - ISABELA,3300
3321,QUIRINO - ISABELA,3300
3322,BURGOS - ISABELA,3300
3323,MALLIG,3300
3324,QUEZON - ISABELA,3300
3325,TUMAUINI,3300
3326,DELFIN ALBANO,3300
3327,STO. TOMAS - ISABELA,3300
3328,CABAGAN,3300
3329,SAN PABLO - ISABELA,3300
3330,STA. MARIA - ISABELA,3300
3331,BENITO SOLIVEN,3300
3332,SAN MARIANO - ISABELA,3300
3333,MACONACON,3300
3334,PALANAN - ISABELA,3300
3335,DIVILACAN,3300
3336,DINAPIGUI,3300
3400,CABARRUGUIS,3400
3401,DIFFUN,3400
3402,SAGUDAY,3400
3403,AGLIPAY,3400
3404,MADDELA,3400
3405,NAGTIPUNAN,3400
3500,TUGUEGARAO,3500
3501,ENRILE,3500
3502,PENABLANCA,3500
3503,TUAO,3500
3504,IGUIG,3500
3505,AMULUNG,3500
3506,BAGGAO,3500
3507,ALCALA - CAGAYAN,3500
3508,GATTARAN,3500
3509,LAL-LO,3500
3510,CAMALANUIGAN,3500
3511,BUGUEY,3500
3512,STA. TERESITA - CAGAYAN,3500
3513,GONZAGA,3500
3514,STA. ANA - CAGAYAN,3500
3515,APARRI,3500
3516,BALLESTEROS,3500
3517,ABULOG,3500
3518,SANCHEZ MIRA,3500
3519,CLAVERIA - CAGAYAN,3500
3520,CALAYAN,3500
3521,STA. PRAXEDES - CAGAYAN,3500
3522,PAMPLONA - CAGAYAN,3500
3523,ALLACAPAN,3500
3524,LASAM,3500
3525,STO. NINO - CAGAYAN,3500
3526,RIZAL - CAGAYAN,3500
3527,PIAT,3500
3600,LAGAWE,3600
3601,BANAUE,3600
3602,MAYAOYAO,3600
3603,HUNGDUAN,3600
3604,KIANGAN,3600
3605,LAMUT,3600
3606,AGUINALDO,3600
3607,HINGYON,3600
3608,POTIA,3600
3609,TINOC,3600
3610,ASIPULO,3600
3700,BAYOMBONG,3700
3701,AMBAGUIO,3700
3702,BAMBANG,3700
3703,KASIBU,3700
3704,ARITAO,3700
3705,STA. FE (IMUGAN),3700
3706,DUPAX DEL NORTE,3700
3707,DUPAX DEL SUR,3700
3708,KAYAPA,3700
3709,SOLANO,3700
3710,VILLA VERDE(IBUNG),3700
3711,BAGABAG,3700
3712,DIADI,3700
3713,QUEZON - NUEVA VISCAYA,3700
3714,ALFONSO CASTA･EDA,3700
3800,TABUK,3800
3801,BALBALAN,3800
3802,LUBUAGAN,3800
3803,PASIL,3800
3804,TINGLAYAN,3800
3805,TANUDAN,3800
3806,PINUKPUK,3800
3807,CONNER,3800
3808,LIWAN (RIZAL),3800
3809,KABUGAO,3800
3810,FLORA,3800
3811,STA. MARCELA - KALINGA APAYAO,3800
3812,PUDTOL,3800
3813,LUNA - KALINGA APAYAO,3800
3814,CALANASAN,3800
3900,BASCO,3900
3901,MAHATAO,3900
3902,IVANA,3900
3903,UYUGAN,2600
3904,SABTANG,3900
3905,ITBAYAT,3900
4000,SAN PABLO CITY,4000
4001,ALAMINOS - LAGUNA,4000
4002,NAGCARLAN,4000
4003,RIZAL - LAGUNA,4000
4004,LILIW,4000
4005,MAJAYJAY,4000
4006,BOTOCAN - LAGUNA,4000
4007,MAGDALENA,4000
4008,PAGSANJAN - LAGUNA,4000
4009,STA. CRUZ - LAGUNA,4000
4010,PILA,4000
4011,VICTORIA - LAGUNA,4000
4012,CALAUAN,4000
4013,CAVINTI,4000
4014,LUMBAN,4000
4015,KALAYAAN - LAGUNA,4000
4016,PAETE,4000
4017,PAKIL,4000
4018,PANGIL,4000
4019,SINILOAN,4000
4020,MABITAC,4000
4021,FAMY,4000
4022,STA. MARIA - LAGUNA,4000
4023,SAN PEDRO,4000
4024,BI･AN,4000
4025,CABUYAO,4000
4026,STA. ROSA - LAGUNA,4000
4027,CALAMBA - LAGUNA,4000
4028,CANLUBANG,4000
4029,CAMP VICENTE LIM,4000
4030,LOS BA･OS,4000
4031,COLLEGE LOS BA･OS,4000
4032,LUISIANA,4000
4033,BAY,4000
4100,CAVITE CITY,4100
4101,CAVITE NAVAL,4100
4102,BACOOR,4100
4103,IMUS,4100
4104,KAWIT,4100
4105,NOVELETA,4100
4106,ROSARIO - CAVITE,4100
4107,GEN. TRIAS,4100
4108,TANZA - CAVITE,4100
4109,TRECE MARTIREZ CITY,4100
4110,NAIC,4100
4111,TERNATE,4100
4112,MARAGONDON,4100
4113,MAGALLANES - CAVITE,4100
4114,DASMARINAS,4100
4116,CARMONA,4100
4117,GEN. MARIANO ALVAREZ,4100
4118,SILANG,4100
4119,AMADEO,4100
4120,TAGAYTAY CITY,4100
4121,MENDEZ,4100
4122,INDANG,4100
4123,ALFONSO - CAVITE,4100
4124,GEN. AGUINALDO,4100
4125,CORREGIDOR,4100
4126,1ST CAVITE IND. ESTATE,4100
4200,BATANGAS CITY,4200
4201,BAUAN,4200
4202,MABINI - BATANGAS,4200
4203,TINGLOY,4200
4204,SAN PASCUAL - BATANGAS,4200
4205,ALITAGTAG,4200
4206,STA. TERESITA - BATANGAS,4200
4207,SAN NICOLAS - BATANGAS,4200
4208,TAAL,4200
4209,LEMERY - BATANGAS,4200
4210,SAN LUIS - BATANGAS,4200
4211,AGONCILLO,4200
4212,CALACA,4200
4213,BALAYAN,4200
4214,TUY,4200
4215,CALATAGAN,4200
4216,LIAN,4200
4217,LIPA CITY,4200
4218,FERNANDO AIRBASE,4200
4219,BALITE - BATANGAS,4200
4220,TALISAY - BATANGAS,4200
4221,LAUREL,4200
4222,CUENCA,4200
4223,MATAAS NA KAHOY,4200
4224,PADRE GARCIA,4200
4225,ROSARIO - BATANGAS,4200
4226,SAN JUAN - BATANGAS,4200
4227,SAN JOSE - BATANGAS,4200
4228,TAYSAN,4200
4229,LOBO,4200
4230,IBAAN,4200
4231,NASUGBU,4200
4232,TANAUAN - BATANGAS,4200
4233,MALVAR,4200
4234,STO. TOMAS - BATANGAS,4200
4300,QUEZON CAPITOL,4300
4301,LUCENA CITY,4300
4302,PAGBILAO,4300
4303,PADRE BURGOS - QUEZON,4300
4304,AGBANGAN,4300
4305,UNISAN,4300
4306,PLARIDEL - QUEZON,4300
4307,GUMACA,4300
4308,PITOGO - QUEZON,4300
4309,MACALELON,4300
4310,GEN. LUNA - QUEZON,4300
4311,CATANAUAN,4300
4312,MULANAY,4300
4313,SAN NARCISO - QUEZON,4300
4314,SAN ANDRES - QUEZON,4300
4315,SAN FRANCISCO - QUEZON,4300
4316,LOPEZ,4300
4317,HONDAGUA,4300
4318,CALAUAG,4300
4319,GUINAYANGAN,4300
4320,BUENAVISTA - QUEZON,4300
4321,TAGKAWAYAN,4300
4322,SARIAYA,4300
4323,CANDELARIA - QUEZON,4300
4324,SAN ANTONIO - QUEZON,4300
4325,TIAONG,4300
4326,DOLORES - QUEZON,4300
4327,TAYABAS,4300
4328,LUCBAN,4300
4329,SAMPALOC,4300
4330,MAUBAN,4300
4331,ATIMONAN,4300
4332,QUEZON - QUEZON,4300
4333,ALABAT,4300
4334,PEREZ,4300
4335,REAL,4300
4336,INFANTA - QUEZON,4300
4337,PANUKULAN,4300
4338,GENERAL NAKAR,4300
4339,POLILIO,4300
4340,BURDEOS,4300
4341,PATNANONGAN,4300
4342,JOMALIG,4300
4400,NAGA CITY - CAMARINES SUR,4400
4401,CAMALIGAN,4400
4402,CANAMAN,4400
4403,MAGARAO,4400
4404,BOMBON,4400
4405,CALABANGA,4400
4406,CABUSAO,4400
4407,LIBMANAN,4400
4408,SIPOCOT,4400
4409,LUPI,4400
4410,RAGAY,4400
4411,DEL GALLEGO,4400
4412,GAINZA,4400
4413,MILAOR,4400
4414,MINALABAC,4400
4415,SAN FERNANDO - CAMARINES SUR,4400
4416,PAMPLONA - CAMARINES SUR,4400
4417,PASACAO,4400
4418,PILI,4400
4419,OCAMPO,4400
4420,TIGAON,4400
4421,SAGNAY,4400
4422,GAO,4400
4423,SAN JOSE - CAMARINES SUR,4400
4424,PRESENTACION,4400
4425,LAGUNOY,4400
4426,TINAMBAC,4400
4427,SIRUMA,4400
4428,GARCHITORENA,4400
4429,CARAMOAN,4400
4430,BULA,4400
4431,IRIGA CITY,4400
4432,BAAO,4400
4433,BUHI,4400
4434,NABUA,4400
4435,BATO - CAMARINES SUR,4400
4436,BALATAN,4400
4500,LEGASPI CITY,4500
4501,DARAGA (LOCSIN),4500
4502,CAMALIG,4500
4503,GUINOBATAN,4500
4504,LIGAO CITY,4500
4505,OAS,4500
4506,POLANGUI,4500
4507,LIBON,4500
4508,STO. DOMINGO - ALBAY,4500
4509,BACACAY,4500
4510,MALILIPOT,4500
4511,TABACO,4500
4512,MALINAO - ALBAY,4500
4513,TIWI,4500
4514,MANITO,4500
4515,JOVELLAR,4500
4516,PIO DURAN,4500
4517,RAPU-RAPU,4500
4600,DAET,4600
4601,MERCEDEZ - CAMARINES NORTE,4600
4602,TALISAY - CAMARINES NORTE,4600
4603,VINZONS,4600
4604,LABO,4600
4605,PARACALE,4600
4606,JOSE PANGANIBAN,4600
4607,CAPALONGA,4600
4608,BASUD,4600
4609,SAN VICENTE - CAMARINES NORTE,4600
4610,IMELDA - CAMARINES NORTE,4600
4611,STA. ELENA - CAMARINES NORTE,4600
4612,TULAY NA LUPA,4600
4700,SORSOGON,4700
4701,BACON,4700
4702,CASIGURAN - SORSOGON,4700
4703,JUBAN,4700
4704,BULUSAN,4700
4705,MAGALLANES - SORSOGON,4700
4706,BULAN,4700
4707,IROSIN,4700
4708,MATNOG,4700
4709,STA. MAGDALENA,4700
4710,GUBAT,4700
4711,PRIETO DIAZ,4700
4712,BARCELONA,4700
4713,CASTILLA,4700
4714,PILAR - SORSOGON,4700
4715,DONSOL,4700
4800,VIRAC,4800
4801,BATO - CATANDUANES,4800
4802,SAN MIGUEL - CATANDUANES,4800
4803,BARAS - CATANDUANES,4800
4804,GIGMOTO,4800
4805,VIGA,4800
4806,PANGANIBAN,4800
4807,BAGAMANOC,4800
4808,CARAMORAN,4800
4809,PANDAN - CATANDUANES,4800
4810,SAN ANDRES - CATANDUANES,4800
4900,BOAC,4900
4901,MOGPOG,4900
4902,STA. CRUZ - MARINDUQUE,4900
4903,TORRIJOS,4900
4904,BUENAVISTA - MARINDUQUE,4900
4905,GASAN,4900
5000,ILOILO CITY,5000
5001,PAVIA,5000
5002,STA. BARBARA - ILOILO,5000
5003,LEGANES,5000
5004,ZARRAGA,5000
5005,NEW LUCENA,5000
5006,DUMANGAS,5000
5007,BAROTAC NUEVO,5000
5008,POTOTAN,5000
5009,ANILAO,5000
5010,BANATE,5000
5011,BAROTAC VIEJO,5000
5012,AJUY,5000
5013,CONCEPCION - ILOILO,5000
5014,SARA,5000
5015,SAN DIONISIO,5000
5016,BATAD,5000
5017,ESTANCIA,5000
5018,BALASAN,5000
5019,CARLES,5000
5020,OTON,5000
5021,TIGBAUAN,5000
5022,GUIMBAL,5000
5023,MIAGAO,5000
5024,SAN JOAQUIN - ILOILO,5000
5025,SAN MIGUEL - ILOILO,5000
5026,LEON,5000
5027,TUBUNGAN,5000
5028,ALIMODIAN,5000
5029,IGBARAS,5000
5030,MAASIN - ILOILO,5000
5031,CABATUAN - ILOILO,5000
5032,MINA,5000
5033,BADIANGAN,5000
5034,JANIUAY,5000
5035,DINGLE,5000
5036,SAN ENRIQUE - ILOILO,5000
5037,PASSI,5000
5038,DUE･AS,5000
5039,SAN RAFAEL - ILOILO,5000
5040,CALINOG,5000
5041,BINGAWAN,5000
5042,LAMBUNAO,5000
5043,LEMERY - ILOILO,5000
5044,BUENAVISTA - GUIMARAS,5040
5045,JORDAN,5040
5046,NUEVA VALENCIA,5040
5047,SAN LORENZO,5040
5100,SAN JOSE - MINDORO OCCIDENTAL,5100
5101,MAGSAYSAY - MINDORO OCCIDENTAL,5100
5102,CALINTAAN,5100
5103,RIZAL - MINDORO OCCIDENTAL,5100
5104,SABLAYAN,5100
5105,STA. CRUZ - MINDORO OCCIDENTAL,5100
5106,MAMBURAO,5100
5107,PALUAN,5100
5108,ABRA DE ILOG,5100
5109,LUBANG,5100
5110,TILIK,5100
5111,LOOC - MINDORO OCCIDENTAL,5100
5200,CALAPAN,5200
5201,BACO,5200
5202,SAN TEODORO,5200
5203,PUERTO GALERA,5200
5204,NAUJAN,5200
5205,VICTORIA - MINDORO ORIENTAL,5200
5206,POLA,5200
5207,SOCORRO - MINDORO ORIENTAL,5200
5208,PINAMALAYAN,5200
5209,GLORIA,5200
5210,BANSUD,5200
5211,BONGABON - MINDORO,5200
5212,ROXAS - MINDORO ORIENTAL,5200
5213,MANSALAY,5200
5214,BULALACAO,5200
5300,PUERTO PRINCESA CITY,5300
5301,IWAHIG PENAL COLONY,5300
5302,ABORLAN,5300
5303,NARRA(PANACAN),5300
5304,QUEZON - PALAWAN,5300
5305,BROOKE'S POINT,5300
5306,BATARAZA,5300
5307,BALABAC,5300
5308,ROXAS - PALAWAN,5300
5309,SAN VICENTE - PALAWAN,5300
5310,DUMARAN,5300
5311,ARACELI,5300
5312,TAYTAY - PALAWAN,5300
5313,EL NIDO(BAQUIT),5300
5314,LINAPACAN,5300
5315,CULION,5300
5316,CORON,5300
5317,BUSUANGA,5300
5318,CUYO,5300
5319,MAGSAYSAY - PALAWAN,5300
5320,AGUTAYA,5300
5321,CAGAYANCILLO,5300
5322,KALAYAAN - PALAWAN,5300
5400,MASBATE,5400
5401,MOBO,5400
5402,USON,5400
5403,DIMASALANG,5400
5404,PALANAS,5400
5405,CATAINGAN,5400
5406,PIO V. CORPUZ,5400
5407,ESPERANZA - MASBATE,5400
5408,PLACER - MASBATE,5400
5409,CAWAYAN,5400
5410,MILAGROS,5400
5411,MANDAON,5400
5412,BALUD,5400
5413,BALENO,5400
5414,AROROY,5400
5415,BATUAN - MASBATE,5400
5416,SAN FERNANDO - MASBATE,5400
5417,SAN JACINTO - MASBATE,5400
5418,MONTREAL,5400
5419,CLAVERIA - MASBATE,5400
5420,SAN PASCUAL - MASBATE,5400
5421,BUENAVISTA - MASBATE,5400
5500,ROMBLON,5500
5501,SAN AGUSTIN - ROMBLON,5500
5502,IMELDA - ROMBLON,5500
5503,CALATRAVA - ROMBLON,5500
5504,SAN ANDRES - ROMBLON,5500
5505,ODIONGAN,5500
5506,FERROL,5500
5507,LOOC - ROMBLON,5500
5508,STA. FE - ROMBLON,5500
5509,ALCANTARA - ROMBLON,5500
5510,SAN JOSE - ROMBLON,5500
5511,MAGDIWANG,5500
5512,CAJIDIOCAN,5500
5513,SAN FERNANDO - ROMBLON,5500
5514,CORCUERA,5500
5515,BANTON,5500
5516,CONCEPCION - ROMBLON,5500
5600,KALIBO,5600
5601,BANGA - AKLAN,5600
5602,LIBACAO,5600
5603,MADALAG,5600
5604,NUMUNCIA,5600
5605,LEZO,5600
5606,MALINAO - AKLAN,5600
5607,NABAS,5600
5608,MALAY,5600
5609,BURUANGA,5600
5610,NEW WASHINGTON,5600
5611,MAKATO,5600
5612,TANGALAN,5600
5613,IBAJAY,5600
5614,BALITE - AKLAN,5600
5615,BATAN,5600
5616,ALTAVAS,5600
5700,SAN JOSE - ANTIQUE,5700
5701,BELISON,5700
5702,PATNONGAN,5700
5703,VALDERAMA,5700
5704,BUGASONG,5700
5705,LAWA-AN - ANTIQUE,5700
5706,BARBASA,5700
5707,TIBIAO,5700
5708,CULASI,5700
5709,SEBASTE,5700
5710,LIBERTAD - ANTIQUE,5700
5711,CALUYA,5700
5712,PANDAN - ANTIQUE,5700
5713,SIBALOM,5700
5714,SAN REMEGIO - ANTIQUE,5700
5715,HAMTIC,5700
5716,TOBIAS FORNIER,5700
5717,ANINI-Y,5700
5800,ROXAS CITY,5800
5801,PANAY,5800
5802,PUNTEVEDRA,5800
5803,PRES. ROXAS - CAPIZ,5800
5804,PILAR - CAPIZ,5800
5805,IVISAN,5800
5806,SAPIAN,5800
5807,MAMBUSAO,5800
5808,JAMINDAN,5800
5809,MA-AYON,5800
5810,DAO,5800
5811,CUARTERO,5800
5812,DUMARAO,5800
5813,DUMALAG,5800
5814,TAPAZ,5800
5815,PANITAN,5800
5816,SIGMA,5800
6000,CEBU,6000
6001,CONSOLACION,6000
6002,LILOAN - CEBU,6000
6003,COMPOSTELA - CEBU,6000
6004,DANAO CITY,6000
6005,CARMEN - CEBU,6000
6006,CATMON,6000
6007,SOGOD - CEBU,6000
6008,BORBON,6000
6009,TABOGON,6000
6010,BOGO,6000
6011,SAN REMIGIO - CEBU,6000
6012,MEDELLIN,6000
6013,DAANG-BANTAYAN,6000
6014,MANDAUE CITY,6000
6015,LAPU-LAPU CITY,6000
6016,MACTAN AIRPORT,6000
6017,CORDOVA,6000
6018,SAN FERNANDO - CEBU PROVINCE,6000
6019,CARCAR,6000
6020,SIBONGA,6000
6021,ARGAO,6000
6022,DALAGUETE,6000
6023,ALCOY,6000
6024,BOLJOON,6000
6025,OSLOB,6000
6026,SANTANDER,6000
6027,SAMBAON,6000
6028,GINATILAN,6000
6029,MALABUYOC,6000
6030,ALEGRIA - CEBU,6000
6031,BADIAN,6000
6032,MOALBOAL,6000
6033,ALCANTARA - CEBU,6000
6034,RONDA,6000
6035,DUMANJUG,6000
6036,BARILE,6000
6037,NAGA - CEBU,6000
6038,TOLEDO CITY,6000
6039,PINAMUNGAHAN,6000
6040,ALOGUINSAN,6000
6041,BALAMBAN,6000
6042,ASTURIAS,6000
6043,TUBURAN - CEBU,6000
6044,TABUELAN,6000
6045,TALISAY - CEBU,6000
6046,MINGLANILLA,6000
6047,STA. FE - CEBU,6000
6048,PILAR - CEBU PROVINCE,6000
6049,PORO,6000
6050,SAN FRANCISCO - CEBU,6000
6051,TUDELA - CEBU,6000
6052,BANTAYAN,6000
6053,MADRIDEJOS,6000
6100,BACOLOD CITY,6100
6101,BAGO CITY,6100
6102,PULUPANDAN,6100
6103,VALLADOLID,6100
6104,SAN ENRIQUE - NEGROS OCCIDENTL,6100
6105,PONTEVEDRA,6100
6106,HINIGARAN,6100
6107,BINALBAGAN,6100
6108,HIMAMAYLAN,6100
6109,ILOG,6100
6110,CANDONI,6100
6111,KABANGKALAN,6100
6112,KAUAYAN,6100
6113,SIPALAY,6100
6114,HINOBA-AN,6100
6115,TALISAY - NEGROS OCCIDENTAL,6100
6116,SILAY CITY,6100
6117,SILAY HAWAIIAN CENTRAL,6100
6118,ENRIQUE MAGALONA,6100
6120,MANAPLA,6100
6121,CADIZ CITY,6100
6122,SAGAY - NEGROS OCCIDENTAL,6100
6123,PARAISO (FABRICA),6100
6124,ESCALANTE,6100
6125,TOBOSO,6100
6126,CALATRAVA - NEGROS OCCIDENTAL,6100
6127,SAN CARLOS CITY - NEGROS OCC.,6100
6128,ISABELA,6100
6129,MURCIA,6100
6130,LA CARLOTA CITY,6100
6131,LA CASTILLANA,6100
6132,MOISES PADILLA,6100
6199,VICTORIAS,6100
6200,DUMAGUETE CITY,6200
6201,SIBULAN,6200
6202,SAN JOSE - NEGROS ORIENTAL,6200
6203,AMLAN,6200
6204,TANJAY,6200
6205,PAMPLONA - NEGROS ORIENTAL,6200
6206,BAIS CITY,6200
6207,MABINAY,6200
6208,MANJUYOD,6200
6209,BINDOY,6200
6210,AYUNGON,6200
6211,TAYASAN,6200
6212,JIMALALUD,6200
6213,LA LIBERTAD - NEGROS ORIENTAL,6200
6214,GUIHULNGAN,6200
6215,VALENCIA - NEGROS ORIENTAL,6200
6216,BACUNG,6200
6217,DAUIN,6200
6218,ZAMBOANGUITA,6200
6219,SIATON,6200
6220,STA. CATALINA -NEGROS ORIENTAL,6200
6221,BAYAWAN,6200
6222,BASAY,6200
6223,CANLAON CITY,6200
6224,VALLE HERMOSO,6200
6225,SIQUIJOR,6250
6226,LARENA,6250
6227,SAN JUAN - SIQUIJOR,6250
6228,LAZI,6250
6229,MARIA,6250
6230,ENRIQUE VILLANUEVA,6250
6300,TAGBILARAN CITY,6300
6301,BACLAYON,6300
6302,ALBUQUERQUE,6300
6303,LOAY,6300
6304,LILA,6300
6305,DIMIAO,6300
6306,VALENCIA - BOHOL,6300
6307,GARCIA HERNANDEZ,6300
6308,JAGNA,6300
6309,DUERO,6300
6310,GUINDULMAN,6300
6311,ANDA - BOHOL,6300
6312,CANDIJAY,6300
6313,MABINI - BOHOL,6300
6314,ALICIA - BOHOL,6300
6315,UBAY,6300
6316,LOBOC,6300
6317,BILAR,6300
6318,BATUAN - BOHOL,6300
6319,CARMEN - BOHOL,6300
6320,SIERRA BULLONES,6300
6321,PILAR - BOHOL,6300
6322,DAGUHOY,6300
6323,SAN MIGUEL - BOHOL,6300
6324,TRINIDAD,6300
6325,TALIBON,6300
6326,BIEN UNIDO,6300
6327,LOON,6300
6328,CALAPE,6300
6329,TUBIGON,6300
6330,CLARIN - BOHOL,6300
6331,SAGBAYAN,6300
6332,INABANGA,6300
6333,BUENAVISTA - BOHOL,6300
6334,JETAFE,6300
6335,ANTIQUERA,6300
6336,MARIBUJOC,6300
6337,CORRELLA,6300
6338,SIKATUNA,6300
6339,DAUIS,6300
6340,PANGLAO,6300
6341,CORTEZ - BOHOL,6300
6342,BALILIHAN,6300
6343,CATIGBI-AN,6300
6344,DANAO,6300
6345,SAN ISIDRO - BOHOL,6300
6346,CARLOS P. GARCIA,6300
6347,SEVILLA,6300
6400,CATARMAN - NORTHERN SAMAR,6400
6401,BOBON,6400
6402,SAN JOSE - NORTHERN SAMAR,6400
6403,LOPE DE VEGA,6400
6404,LAVEZARES,6400
6405,ALLEN,6400
6406,VICTORIA - NORTHEN SAMAR,6400
6407,SAN ANTONIO - NORTHERN SAMAR,6400
6408,CAPUL,6400
6409,SAN ISIDRO - NORTHERN SAMAR,6400
6410,BIRI,6400
6411,LAOANG,6400
6412,MAPANAS,6400
6413,PAMBUJAN,6400
6414,SILVINO LUBOS,6400
6415,SAN ROQUE - NORTHERN SAMAR,6400
6416,ROSARIO - NORTHERN SAMAR,6400
6417,MONDRAGON,6400
6418,CATUBIG,6400
6419,SAN VICENTE - NORTHERN SAMAR,6400
6420,LA NAVAS,6400
6421,PALAPAG,6400
6422,GAMAY,6400
6423,LAPINEG,6400
6500,TACLOBAN CITY,6500
6501,PALO,6500
6502,TANUAN,6500
6503,TOLOSA,6500
6504,TABONTABON,6500
6505,DULAG,6500
6506,JULITA,6500
6507,MAYORGA,6500
6508,LA PAZ - LEYTE PROVINCE,6500
6509,MACARTHUR,6500
6510,ABUYOG,6500
6511,JAVIER,6500
6512,MAHAPLAG,6500
6513,STA. FE - LEYTE,6500
6514,PASTRANA,6500
6515,DAGAMI,6500
6516,BURAUEN,6500
6517,ALANGALANG,6500
6518,SAN MIGUEL - LEYTE,6500
6519,BARUGO,6500
6520,BABATNGON,6500
6521,BAYBAY,6500
6522,INOPACAN,6500
6523,HINDANG,6500
6524,HILONGOS,6500
6525,BATO - LEYTE,6500
6526,MATALOM,6500
6527,JARO,6500
6528,TUNGA,6500
6529,CARIGARA,6500
6530,CAPOOCAN,6500
6531,KANANGA,6500
6532,MATAG-OB,6500
6533,LEYTE,6500
6534,CALUBIAN,6500
6535,SAN ISIDRO - LEYTE PROVINCE,6500
6536,TABANGO,6500
6537,VILLABA,6500
6538,PALOMPON,6500
6539,ISABEL,6500
6540,MERIDA,6500
6541,ORMOC CITY,6500
6542,ALBUERA,6500
6600,MAASIN - SOUTHERN LEYTE,6600
6601,MACROHON,6600
6602,PADRE BURGOS - SOUTHERN LEYTE,6600
6603,MALITBOG - SOUTHERN LEYTE,6600
6604,BONTOC - LEYTE,6600
6605,TOMAS OPPUS,6600
6606,SOGOD - SOUTHERN LEYTE,6600
6607,SILAGO,6600
6608,HINUNANGAN,6600
6609,HINUNDAYAN,6600
6610,ANAHAWAN,6600
6611,SAN JUAN - SOUTHERN LEYTE,6600
6612,LILOAN - SOUTHERN LEYTE,6600
6613,SAN FRANCISCO - SOUTHERN LEYTE,6600
6614,PINTUYAN,6600
6615,LIBAGON,6600
6616,ST. BERNARD,6600
6617,SAN RICARDO,6600
6618,LIMASAWA,6600
6700,CATBALONGAN,6700
6701,JIABONG,6700
6702,MOTIONG,6700
6703,WRIGHT,6700
6704,TARANGNAN,6700
6705,PAGSANGJAN - WESTERN SAMAR,6700
6706,GANDARA,6700
6707,SAN JORGE,6700
6708,MATUGUINAO,6700
6709,STA. MARGARITA,6700
6710,CALBAYOG CITY,6700
6711,STO. NINO - WESTN SAMAR,6700
6712,TAGAPULAN,6700
6713,HINBANGAN,6700
6714,SAN SEBASTIAN,6700
6715,CALBIGA,6700
6716,PINABACDAO,6700
6717,VILLAREAL,6700
6718,STA. RITA - WESTERN SAMAR,6700
6719,TALARORA,6700
6720,BASEY,6700
6721,MARABUT,6700
6722,DARAM,6700
6723,SAN JOSE DE BAUAN,6700
6724,ALMAGRO,6700
6725,ZUMARRAGA,6700
6800,BORONGAN,6800
6801,BALANGKAYAN,6800
6802,MAYDULONG,6800
6803,LLORENTE,6800
6804,HERNANI,6800
6805,GEN. MCARTHUR,6800
6806,CAN-AVID,6800
6807,SALCEDO - EASTERN SAMAR,6800
6808,MERCEDES - EASTERN SAMAR,6800
6809,GUIUAN,6800
6810,QUINAPUNDAN,6800
6811,GIPORLOS,6800
6812,BALANGIGA,6800
6813,LAWA-AN - EASTERN SAMAR,6800
6814,SAN JULIAN,6800
6815,SULAT,6800
6816,TAFT,6800
6817,DOLORES - EASTERN SAMAR,6800
6818,ORAS,6800
6819,JIPAPAD,6800
6820,MASLOG,6800
6821,SAN POLICARPIO,6800
6822,ARTECHE,6800
7000,ZAMBOANGA CITY,7000
7001,IPIL,7450
7002,ROSELLER LIM,7450
7003,TITAY,7450
7004,NAGA - ZAMBOANGA SIBUGUEY,7450
7005,KABASALAN,7450
7006,SIAY,7450
7007,IMELDA - ZAMBOANGA SIBUGUEY,7450
7008,PAYAO,7450
7009,BUUG,7450
7010,MABUHAY,7450
7011,BAYOG,7000
7012,TALUSAN,7450
7013,KUMALARANG,7000
7014,LAKEWOOD,7000
7015,DUMALINAO,7000
7016,PAGADIAN CITY,7000
7017,LABANGAN,7000
7018,TURGAWAN,7450
7019,TUKURAN,7000
7020,AURORA - ZAMBOANGA DEL SUR,7000
7021,MIDSALIP,7000
7022,DON MARIANO,7000
7023,MOLAVE,7000
7024,RAMON MAGSAYSAY,7000
7025,TAMBULIG,7000
7026,MAHAYAG,7000
7027,JOSEFINA,7000
7028,DUMINGAG,7000
7029,SAN MIGUEL - ZAMBOANGA DEL SUR,7000
7030,DINAS,7000
7031,SAN PABLO - ZAMBOANGA DEL SUR,7000
7032,DIMATALING,7000
7033,PITOGO - ZAMBOANGA DEL SUR,7000
7034,TABINA,7000
7035,MARGO SA TUBIG,7000
7036,VICENCIO SAGUN,7000
7037,LAPUYAN,7000
7038,MALANGAS,7450
7039,GIPLAHAN,7450
7040,ALICIA - ZAMBOANGA,7450
7041,OLUTARGA,7450
7042,GUIPOS,7000
7043,TIGBAD,7000
7100,DIPOLOG CITY,7100
7101,DAPITAN CITY,7100
7102,ROXAS - ZAMBOANGA DEL NORTE,7100
7103,SIBUTAD,7100
7104,RIZAL - ZAMBOANGA DEL NORTE,7100
7105,PINAN,7100
7106,POLANCO,7100
7107,MUTIA,7100
7108,SERGIO OSMENA,7100
7109,KATIPUNAN,7100
7110,MANUKAN,7100
7111,JOSE DALMAN,7100
7112,SINDANGAN,7100
7113,SIAYAN,7100
7114,SALUG,7100
7115,LILOY,7100
7116,TAMPILISAN,7100
7117,LABASON,7100
7118,GUTALAC,7100
7119,LA LIBERTAD - ZAMBOANGA NORTE,7100
7120,SIOCON,7100
7121,SIRAWAY,7100
7122,SIBUCO,7100
7123,BALIGUIAN,7100
7124,KALAWIT,7100
7200,OZAMIS CITY,7200
7201,CLARIN - MISAMIS OCCIDENTAL,7200
7202,TUDELA - MISAMIS OCCIDENTAL,7200
7203,SINACABAN,7200
7204,JIMENEZ,7200
7205,PANAON,7200
7206,ALORAN,7200
7207,OROQUIETA CITY,7200
7208,LOPEZ JAENA,7200
7209,PLARIDEL - MISAMIS OCCIDENTAL,7200
7210,CALAMBA - MISAMIS OCCIDENTAL,7200
7211,BALIANGAO,7200
7212,SAPANG DALAGA,7200
7213,CONCEPCION- MISAMIS OCCIDENTAL,7200
7214,TANGUB CITY,7200
7215,BONIFACIO,7200
7300,ISABELA DE BASILAN,7300
7301,LANTAWAN,7300
7302,LAMITAN,7300
7303,MALUSO,7300
7304,TIPO-TIPO,7300
7305,SUMISIP,7300
7306,TUBURAN - BASILAN,7300
7400,JOLO,7400
7401,PATIKUL,7400
7402,PANAMAO,7400
7403,TALIPAO,7400
7404,LUUK,7400
7405,PATA,7400
7406,TONGKIL,7400
7407,INDANAN,7400
7408,PARANG - SULU PROVINCE,7400
7409,MAIMBUNG,7400
7410,TAPUL,7400
7411,LUGUS,7400
7412,SIASI,7400
7413,MARUNGAS,7400
7414,PANGUNTURAN,7400
7415,PANGLIMA ESTINO,7400
7416,KALINGALAN KALAUANG,7400
7500,BONGAO,7500
7501,BALIMBING,7500
7502,TANDU BAS,7500
7503,SAPA-SAPA,7500
7504,SOUTH UBIAN,7500
7505,SIMUNOL,7500
7506,SITANGKAI,7500
7507,TAGANAK,7500
7508,CAGAYAN DE SULU,7500
7509,LANGUYAN,7500
8000,DAVAO CITY,8000
8001,STA. CRUZ - DAVAO DEL SUR,8000
8002,DIGOS,8000
8003,MATANAO,8000
8004,MAGSAYSAY - DAVAO DEL SUR,8000
8005,BANSALAN,8000
8006,HAGUNOY - DAVAO DEL SUR,8000
8007,PADADA,8000
8008,KIBLAWAN,8000
8009,SULOP,8000
8010,MALALAG,8000
8011,STA. MARIA - DAVAO DEL SUR,8000
8012,MALITA,8000
8013,DON MARCELINO,8000
8014,JOSE ABAD SANTOS,8000
8015,SARANGANI,8000
8016,ATENEO DE DAVAO,8000
8017,BUNAWAN/CALINAN -DAVAO DEL SUR,8000
8019,DAVAO INT'L AIRPORT,8000
8020,MANAUG,8000
8021,MATINA,8000
8022,MINTA,8000
8023,TALOMO,8000
8024,TIBUNGCO,8000
8025,TORIL,8000
8026,UNIVERSITY OF MINDANAO,8000
8100,TAGUM,8100
8102,ASUNCION,8100
8103,SAN VICENTE - DAVAO DEL NORTE,8100
8104,NEW CORELLA,8100
8105,PANABO,8100
8108,CARMEN - DAVAO DEL NORTE,8100
8112,STO. TOMAS - DAVAO DEL NORTE,8100
8113,KAPALONG,8100
8116,SAN MARIANO - DAVAO DEL NORTE,8100
8118,BABAK,8100
8119,SAMAL - DAVAO DEL NORTE,8100
8120,KAPUTIAN,8100
8200,MATI,8200
8201,TARRAGONA,8200
8202,MANAY,8200
8203,CARAGA,8200
8204,BANGANGA,8200
8205,CATEEL,8200
8206,BOSTON,8200
8207,LOPON,8200
8208,BANAYBANAY,8200
8209,SAN ISIDRO - DAVAO ORIENTAL,8200
8210,GOV. GENEROSO,8200
8300,TANDAG,8300
8301,SAN MIGUEL - SURIGAO DEL SUR,8300
8302,TAGO,8300
8303,BAYABAS,8300
8304,CAGWAIT,8300
8305,SAN AGUSTIN - SURIGAO DEL SUR,8300
8306,MARIHATAG,8300
8307,LIANGA,8300
8308,TAGBINA,8300
8309,BAROBO,8300
8310,HINATUAN,8300
8311,BISLIG,8300
8312,LINGIG,8300
8313,CORTEZ - SURIGAO DEL SUR,8300
8314,LANUZA,8300
8315,CARMEN - SURIGAO DEL SUR,8300
8316,MADRID,8300
8317,CANTILIAN,8300
8318,CARRASCAL,8300
8319,MALIXI,8300
8400,SURIGAO CITY,8400
8401,SAN FRANCISCO - SURIGAO NORTE,8400
8402,MALIMANO,8400
8403,TAGANA-AN,8400
8404,SISON - SURIGAO DEL NORTE,8400
8405,PLACER - SURIGAO DEL NORTE,8400
8406,TUBOD - SURIGAO DEL NORTE,8400
8407,MAINIT,8400
8408,BACUAG,8400
8409,GIGAQUIT,8400
8410,CLAVER,8400
8411,CAGDIANAO,8400
8412,DINAGAT,8400
8413,BASILISA,8400
8414,LIBJO,8400
8415,LORETO,8400
8416,SOCORRO - SURIGAO DEL NORTE,8400
8417,DAPA,8400
8418,DEL CARMEN,8400
8419,GEN. LUNA - SURIGAO DEL NORTE,8400
8420,PILAR - SURIGAO DEL NORTE,8400
8421,SAN ISIDRO - SURIGAO DEL NORTE,8400
8422,STA. MONICA -SURIGAO DEL NORTE,8400
8423,SAN BENITO,8400
8424,BURGOS - SURIGAO,8400
8425,ALEGRIA - SURIGAO,8400
8426,TUBAJON,8400
8427,SAN JOSE - SURIGAO DEL NORTE,8400
8500,PROSPERIDAD,8500
8501,SAN FRANCISCO - AGUSAN DEL SUR,8500
8502,BAYUGAN,8500
8503,SIBAGAT,8500
8504,ROSARIO - AGUSAN DEL SUR,8500
8505,TRENTO,8500
8506,BUNAWAN - AGUSAN DEL  SUR,8500
8507,LORETO,8500
8508,LA PAZ - AGUSAN DEL SUR,8500
8509,VERUELA,8500
8510,TALACOGON,8500
8511,SAN LUIS - AGUSAN DEL SUR,8500
8512,STA. JOSEFA - AGUSAN DEL SUR,8500
8513,ESPERANZA - AGUSAN DEL SUR,8500
8600,BUTUAN CITY,8600
8601,BUENAVISTA - AGUSAN,8600
8602,NASIPIT,8600
8603,CARMEN - AGUSAN DEL NORTE,8600
8604,MAGALLANES - AGUSAN DEL NORTE,8600
8605,CABADBARAN,8600
8606,TUBAY,8600
8607,JABONGA,8600
8608,SANTIAGO - AGUSAN DEL NORTE,8600
8609,KITCHARAO,8600
8610,LA NIEVES,8600
8611,REMEDIOS T. ROMUALDEZ,8600
8700,MALAYBALAY,8700
8701,SUMILAO,8700
8702,IMPASUGONG,8700
8703,MANOLO FORTICH,8700
8704,MALITBOG - BUKIDNON,8700
8705,PHILIPS,8700
8706,LIBUNA,8700
8707,BAUNGON,8700
8708,TALAKAG,8700
8709,VALENCIA - BUKIDNON,8700
8710,MUSUAN,8700
8711,SAN FERNANDO - BUKIDNON,8700
8712,DON CARLOS,8700
8713,KADINGILAN,8700
8714,MARAMAG,8700
8715,QUEZON - BUKIDNON,8700
8716,KITAOTAO,8700
8717,PANGANTUCAN,8700
8718,KALILANGAN,8700
8719,DANGCAGAN,8700
8720,KIBAWE,8700
8721,DAMULOG,8700
8722,LANTAPAN,8700
8723,KABANGLASAN,8700
8800,NABUNTURAN,8803
8801,MONTEVISTA,8803
8802,MAWAB,8803
8803,COMPOSTELLA - COMPOSTELLA VAL.,8803
8804,NEW BATAAN,8803
8805,MONKAYO,8803
8806,MACO,8803
8807,MABINI - COMPOSTELLA VALLEY,8803
8808,MARAGUSAN,8803
8809,PANTUKAN,8803
8810,LAAK,8803
9000,CAGAYAN DE ORO CITY,9000
9001,TAGOLOAN - MISAMIS ORIENTAL,9000
9002,VILLANUEVA,9000
9003,JASAAN,9000
9004,CLAVERIA - MISAMIS ORIENTAL,9000
9005,BALINGASAG,9000
9006,LAGONGLONG,9000
9007,SALAY,9000
9008,BINUANGAN,9000
9009,SUGBONGCOGON,9000
9010,KINOGITAN,9000
9011,BALINGUAN,9000
9012,TALISAYAN,9000
9013,MEDINA,9000
9014,GINGOOG CITY,9000
9015,MAGSAYSAY - MISAMIS ORIENTAL,9000
9016,OPOL,9000
9017,EL SALVADOR,9000
9018,ALUBIJID,9000
9019,LAGUINDINGAN,9000
9020,GITAGUM,9000
9021,LIBERTAD - MISAMIS ORIENTAL,9000
9022,INITAO,9000
9023,NAAWAN,9000
9024,MANTICAO,9000
9025,LUGAIT,9000
9100,MAMBAJAO,9100
9101,MAHINOG,9100
9102,GUINSILIBAN,9100
9103,SAGAY - CAMIGUIN,9100
9104,CATARMAN - CAMIGUIN,9100
9200,ILIGAN CITY,9200
9201,LINAMON,9200
9202,KAUSWAGAN,9200
9203,MATUNGAO,9200
9204,POONA PIAGAPO,9200
9205,BACOLOD,9200
9206,MAIGO,9200
9207,KOLAMBUGAN,9200
9208,PANTAO RAGAT,9200
9209,TUBOD - LANAO DEL NORTE',9200
9210,BAROY,9200
9211,LALA,9200
9212,SALVADOR,9200
9213,SAPAD,9200
9214,KAPATAGAN,9200
9215,KAROMATAN,9200
9216,NUNUNGAN,9200
9217,BALOI,9200
9218,PANTAR,9200
9219,MUNAI,9200
9220,TANGKAL,9200
9221,MAGSAYSAY - LANAO DEL NORTE,9200
9222,TAGOLOAN - LANAO DEL NORTE,9200
9223,SULTAN NAGE DIMAPORO,9200
9300,MALABANG,9300
9301,SULTAN GUMANDER,9300
9302,BALABAGAN,9300
9303,MARAGONG,9300
9305,BUTIG,9300
9306,LUMBAYANAGUE,9300
9307,LUMBATAN,9300
9308,MACADORANDONG,9300
9309,BAYANG,9300
9310,BINIDAYAN,9300
9311,GANASSI,9300
9312,PAGAYAWAN,9300
9313,PUALAS,9300
9314,MADAMBA,9300
9315,MADALUM,9300
9316,BACOLOD GRANDE,9300
9317,TUGAYA,9300
9318,BALINDONG,9300
9319,CALANOGAS,9300
9321,TAGOLAN-II,9300
9322,SULTAN PUMALONDONG,9300
9400,KIDAPAWAN,9400
9401,MAKILALA,9400
9402,M'LANG,9400
9403,TULUNAN,9400
9404,MAGPET,9400
9405,PRES. ROXAS - NORTH COTABATO,9400
9406,MATALAM,9400
9407,KABACAN,9400
9408,CARMEN - NORTH COTABATO,9400
9409,PIKIT,9400
9410,MIDSAYAP,9400
9411,LIBUNGAN,9400
9412,PIGKAWAYAN,9400
9413,ALAMADA,9400
9414,ANTIPAS,9400
9415,ALEOSAN,9400
9416,BANISILAN,9400
9417,ARAKAN,9400
9500,GEN. SANTOS CITY,9500
9501,ALABEL,9501
9502,MAASIM,9501
9503,MALUNGON,9501
9504,POLOMOLOK,9500
9505,TUPI,9500
9506,KORONADAL,9500
9507,TAMPACAN,9500
9508,NURALLAH,9500
9509,STO. NINO - SOUTH COTABATO,9500
9510,TANTANGAN,9500
9511,BANGA - COTABATO,9500
9512,SURALLAH,9500
9513,T'BOLI,9500
9514,KIAMBA,9501
9515,MAITUM,9501
9516,MALAPATAN,9501
9517,GLAN,9501
9600,COTABATO CITY,9600
9601,DATU ODIN SINSUAT (DINAIG),9600
9602,UPI,9600
9603,SOUTH UPI,9600
9604,PARANG,9600
9605,SULTAN KUDARAT,9600
9606,KABUNTULAN,9600
9607,DATU PIANG,9600
9608,MAGANOY,9600
9609,AMPATUAN,9600
9610,PAGALUNGAN,9600
9611,SULTAN SA BARONGIS,9600
9612,TALAYAN,9600
9613,MATANOG,9600
9614,BARIRA,9600
9615,BULDON,9600
9616,BULUAN,9600
9617,DATU PAGLAS,9600
9618,GEN. S.K. DATUN,9600
9619,SHARIF AGUAK,9600
9700,MARAWI CITY,9300
9701,SAGUIARAN,9300
9702,MULONDO,9300
9703,LUMBA BAYABAO,9300
9704,TAMPARAN,9300
9705,POONA BAYABAO,9300
9706,MASIU,9300
9708,BUBONG,9300
9709,KAPAI,9300
9710,PIAGAPO,9300
9711,MARANTAO,9300
9712,TARAKA,9300
9713,RAMAIN-DITSAAN,9300
9714,BUADIPOSO BUNTONG,9300
9715,MAGUING,9300
9716,WAO,9300
9800,TAKURONG,9800
9801,COLUMBIO,9800
9802,MARIANO MARCOS,9800
9803,LUTAYAN,9800
9804,PRES. QUIRINO,9800
9805,ISULAN,9800
9806,ESPERANZA - SULTAN KUDARAT,9800
9807,LEBAK,9800
9808,KALAMANSIG,9800
9809,PALIMBANG,9800
9810,BAGUMBAYAN,9800
9811,SEN. NINOY AQUINO,9800
,,